{
    "mse": 0.8091620644370123,
    "r2": 0.19154647037856243,
    "mae": 0.6934916488031881
}